bookID,average_rating
2538,3.9304416262785304
31912,3.9064487324003783
7716,3.9220993616187654
7811,3.9040848745085106
19379,3.9153262937633437
41539,3.9599027965021873
12947,3.911660321000979
2735,3.932671848928569
35425,3.8685748083074545
42959,3.8870878605138297
3830,3.954007823118703
6149,3.9976664706485674
43556,3.9013003123145147
10629,4.011440566508078
11019,3.9611996481450573
20258,3.88659893874915
37052,3.8873800105573784
14313,4.001722751366167
23235,3.907022397424108
16686,3.9246928929533773
15714,3.8824837177597242
39418,3.9229976627650323
5898,4.089834366657744
28425,3.9132981175994916
9602,3.910087257057074
42359,3.8683685008111617
28272,3.924855075795776
11436,3.931458602367566
34327,3.9144284824684683
19396,3.9245058357659945
44925,3.8659559197907756
16213,3.923007301981531
18297,4.025038317002226
8285,3.8559255584873533
9444,3.9124314021218
12315,3.8667880643724613
30574,3.8583739739891403
43536,3.877977860323653
2958,3.9227752436268344
25850,3.8892706934413503
26229,3.877187487973211
2781,3.908876939714507
42198,4.002157874228011
1521,3.895772734125755
15624,4.025670080178835
3006,3.919876639022732
44146,3.8680846990163595
19580,3.9396588638997407
44649,3.9092621050937284
8969,3.9177527131547243
28763,3.8853842657616067
20519,3.884348614471736
7092,3.915744031964409
25713,3.9441652658504625
43562,3.863667619095789
16077,4.0545529279594845
4524,3.939272595143165
40384,3.86797361315038
6800,3.912597310002356
13064,3.9401297251695047
43889,4.07651111787073
28699,3.9223448568192305
13834,3.9505683043595234
42882,3.8795149165069476
103,3.9314696501998183
28865,3.855293110049985
8048,3.865293609126284
22489,3.9131049783194163
707,3.886130956654722
29011,3.8886808323596447
15900,3.9021463151411035
25777,3.9434514372875147
1494,3.8848499918390393
12583,3.9395083267024944
21534,3.8507650349611047
29167,3.921481591315552
18144,3.922062684783736
17011,3.912305508196108
890,4.623000234321774
44018,3.8510921165856202
23045,3.880411188195673
35432,3.8644119545858975
11861,3.9046921550018308
27885,3.9162742220993816
7549,3.9276262295564006
18700,3.977612670292655
2211,3.9648407513378237
2962,3.995127569632328
34897,4.045270520182001
35219,3.9082920410144104
21343,3.9044704851314256
3803,3.9214566182250628
3513,3.8810976447294734
33999,3.897056287910245
19361,3.9455209175452732
44133,3.89531240943213
26638,3.88655359018093
15855,3.9070221972938244
32830,3.84401182133048
32421,3.9427140589834555
664,4.000487285132517
4540,3.882957811531435
3828,3.9148471620627516
25363,3.8913213375922244
44881,3.860528149910094
21495,3.919135863916769
32111,3.919704354175123
31925,3.8968663349257007
23316,3.903501449720315
3679,3.9428889294291216
13446,3.9464022709847533
2409,3.8781564871724137
12789,3.9010577238051654
11317,3.923579222239937
28524,3.939302609719322
447,3.9284774521452324
5442,3.902216664435936
14072,3.920773442453384
18384,3.9086457895624305
1852,3.985793692389054
32400,3.9097596415499747
32737,3.9085027019895224
152,4.057345673317583
37837,3.875672658722816
23849,3.9185624352114683
15557,3.9330938942686418
16180,3.9559129278050293
31978,3.8774253664286777
22867,3.9761072796345136
7188,3.963969529835677
20398,3.8793537835160734
17807,3.884889733115748
8290,3.864140195534263
29435,3.9683758954449337
32975,3.9601381889208684
14606,3.9593166761644243
38004,3.9307314879177397
14403,3.865667288141042
43503,3.911421486185228
35052,3.9228367458412756
13571,3.885318280236063
43963,3.9255725208655425
41863,3.8791638030196314
15295,3.9384311735425994
32358,3.9072150629029423
32099,3.890999214798428
26590,3.867792465051919
18646,3.9326456472094486
10964,4.0702340911320665
15052,3.8944580636482415
17982,3.90252954759213
11383,3.883290329727442
6298,3.893438472393973
38262,3.9215747291447975
39022,3.907024747496105
17295,3.846274105859496
18521,3.888068086899172
11269,3.8964717478172273
870,3.9477405649240596
14137,3.961178117646486
22166,3.8786017031058915
40048,3.9306679464919694
4435,3.9045596562406146
15438,3.935762683803871
7439,3.911272297097499
31804,3.9046734843744972
14983,3.9758570903215293
34452,3.8747192405699105
21326,3.9157989355288105
24866,3.899786379233279
16692,3.8728249177510397
18798,3.9730688789784763
41664,3.89191022215193
12817,3.9516266882107596
31034,3.880550627287233
5729,3.9409996303480748
33616,3.8424646054406315
6540,3.8622184155880106
44644,3.9091140993144995
11550,3.943841131519778
5554,3.889561431392176
15997,3.980555654764033
24692,3.933919776763271
18361,3.931039838341458
22356,3.914992979073441
5595,3.90399613884319
37169,3.8944082129363524
35926,3.8939301889212268
23377,3.853195689876861
18305,3.9629325971231615
18241,4.135360708226849
2520,3.8787706825438244
21931,3.8551037274493622
435,3.903923861578119
33569,3.879132403188522
13530,3.891276981762575
2095,3.911345534215201
8203,3.884342253279065
32505,3.9324627330247726
25257,3.890069012995115
9347,3.912230452871058
20343,3.947778613007677
30743,3.8878836746702397
42382,3.8569495714315947
33734,3.891048247868797
12676,3.9076373554001087
6159,3.915416268331934
14721,3.9659677895644876
15781,3.928667427101806
21114,3.913754146876257
2445,3.9812875903553446
8909,3.962741978715451
20891,3.9401995626127206
17296,3.8518665927940723
19383,3.857674565290953
22176,3.889153195411054
40470,3.8962964423561375
8546,3.909033932077696
25946,3.90900060484702
19661,3.9565625912601123
17152,3.91437984376813
848,3.9058782755555197
66,3.9313786135119995
22493,3.9139926877496163
38244,3.9201768945156092
20182,3.916438404037092
1850,3.9211596802859887
27356,3.840594841218669
2327,3.9575892540864785
35335,3.898286319189638
19475,3.9309748552465535
13194,3.89520835410109
35120,3.904443227117579
29797,3.937245785223032
171,3.9005657152971405
5104,3.9155276307672686
12000,4.022997186222128
15437,3.932895739983579
14016,3.8974836230730014
42603,3.878149313705924
3359,3.9675067456405646
29936,3.8574988384893594
24346,3.8904509030363674
44685,3.910656260930144
29285,3.8802482694075042
15018,3.9316049185580755
24172,3.8579113221599513
41700,3.9095458941153387
44567,3.9013061922006957
38680,3.9053790058357625
33837,3.9339187758656404
12075,3.889202666340574
9006,3.8836109263437226
4845,4.034271679918437
25174,3.9108397664360073
24064,3.881826440678123
34504,3.919950977592654
14962,3.900125126090179
1476,3.933078049470381
2761,3.9183960521418815
8178,3.9215539258686034
2770,3.953836338918432
12043,3.9003766743703876
2655,3.8549543427749824
12975,3.9005551383533414
12990,3.9182244303900267
18133,3.908786287059928
17837,3.982964611569819
2997,3.9327408047082493
25401,3.915952292319537
21803,3.9434278890883547
7849,3.9642470929105573
5653,3.908590942975962
32110,3.8982817473773723
1527,3.931275689743552
38429,3.8678040680551478
35807,3.8903587819412544
5777,3.9125243010634714
44353,3.8573831774374887
25866,3.9434930459021293
19448,3.9383793141423156
157,4.005042510497432
9164,3.9202587015683985
20235,3.9157578408041283
5575,3.942958932578283
9652,3.9493629676613544
26525,3.856921133629562
42758,3.8696979305681056
17845,3.9076227191532547
27780,3.8586812630046454
37134,3.8692346391662844
23627,3.9338383542692195
25709,4.433234254216576
37675,3.8339176741756495
9515,3.9419342412572465
18438,3.8564697629128264
42369,3.8443328565464414
45639,3.917996092213473
30891,3.897726700088807
7591,3.922493808668101
23827,3.9737353242048967
33699,3.896403950210391
43884,3.9725058576410506
41459,3.866527142022256
23882,3.88627652439433
5755,3.9493880351238557
24601,3.8734945697702727
16669,3.9212465683461857
3303,3.9353114824491033
3532,3.878428626773493
3438,3.9115068544830365
1566,3.9432595008013434
23218,3.9017305542690552
24768,3.9616816250881435
7959,3.9253422719005893
86,3.9176255056908302
5296,3.877328305246472
43084,3.8734985524654
40335,3.9067149317971857
5402,3.8705723669672927
10711,3.9294354834018628
44046,3.878210522823184
16697,3.91070351022569
25023,3.8998848609360026
31836,3.8976636551175985
16718,3.8972073414670425
36,3.9133817593804867
29746,3.917916511646548
7796,3.860329055390486
42880,3.854054680113673
42741,3.903811088709007
4418,3.9853275151033842
12488,3.898737972228487
12615,3.874048596140581
6115,3.8843432821883757
44478,3.885115460178605
10968,3.919264336225619
27883,3.9098649376636287
19068,3.926296942190902
38643,3.8808542108082023
2333,3.882407747683231
25246,3.8729677636199495
9888,3.8826050775947714
2107,3.9215008043497863
5371,3.874470294532297
43433,3.873924103629432
5891,3.9560159971930227
24725,3.910602838153265
12938,3.986060737629882
22916,3.9928026584144685
11752,3.8973783186691193
15318,3.953219138010484
3273,3.9161600890211803
23814,3.9065494342729874
4942,3.8711281904695047
27514,3.963450384162375
30010,3.964497911682108
18852,3.9432124291219264
9557,3.9187043563757697
130,3.903922374782838
416,3.8935412539773986
15049,3.9056647666313165
6422,3.960667577286931
12078,3.886964992314005
7343,3.937762944268769
26189,3.8897681159378434
3388,3.9633553407397715
28205,3.9156875331089314
14268,3.895466823085236
44145,3.869281898964473
37241,3.8845985670448155
793,3.87970031969157
16763,3.8935777012516426
36598,3.874742921894932
34833,3.8875871985801664
3167,3.8864744091298125
40158,3.902329076369148
9739,3.945811617143328
2843,3.873124523269496
43828,3.8785293244183
42625,3.9405741019057707
17610,3.912786166610283
4675,3.852944725061542
15867,3.901940553352108
30923,3.9210750079462175
9186,3.8568712321762626
1078,3.9840663259680826
15136,3.868774986912772
11308,3.8818515921600283
10976,4.084205050160562
17877,3.8979007275439583
3736,3.944148261877195
16429,3.930388205921888
41217,3.8884995648160037
39969,3.844366568424608
25171,3.927625927827838
44349,3.8764222142573654
17356,3.8838827118609807
10552,3.888473020486661
42956,3.871698745655151
31177,3.9008295119356564
33615,3.838662593121622
33137,3.882401529186101
422,3.9140668263790053
41487,3.931959443553263
4525,3.9516248628978503
37693,3.897567016220927
8199,3.8862252623562483
10796,3.8539493393689246
332,3.91616528452508
32435,3.9468877340770065
9376,3.887330795665428
24115,3.9962530588728002
8249,3.8585575357945907
39027,3.9081677325946473
3582,4.230064064456915
19684,3.885257513085064
4325,3.9127996069745374
13872,3.902215275503299
5915,3.9065878965605387
15937,3.9007336605529757
1620,3.929343654264872
44187,3.885310320864569
14909,3.8760621393588948
22656,3.9327196297053253
28078,3.9561800978649178
26079,3.9221927358458255
35406,3.865364694220732
24682,3.851602487420514
44524,3.8995981292891218
38469,3.890029358994342
31678,3.8773076625585614
1523,3.88949538662531
36259,3.8953866424086185
31306,3.8910162462985416
25048,3.874820837411066
903,3.9153159027751894
7996,3.9477674093257726
18287,3.938138758579764
40604,3.9746185421449773
34495,3.9388397566823543
22691,3.8892950544682026
3886,4.013186579791078
33722,3.9906226319716986
34427,3.8781866023657026
4263,3.913827749045285
28186,4.070852661247037
39747,3.8990343624950503
7783,3.864498167587031
23975,3.880383804540252
4434,3.8967785986789902
35880,3.902960540360501
13241,3.927128873857935
41125,3.91743761912648
965,3.966401905855418
45462,3.9043923285713276
15448,3.9096072089465963
23717,3.893494408990339
33159,3.9172215669419312
30272,3.9497682838942163
45253,3.925859687386803
22360,3.889935614281997
41072,3.870430520148076
2010,3.912925821308708
21624,3.907503252434692
7493,3.911111845598264
45313,3.857538270451389
33555,3.907334425366005
18931,3.896238402238543
19257,3.852076722332771
30868,3.9080148784196593
247,3.8901368565723606
39347,3.8761960782688565
16967,3.9536326385390157
6505,3.9324600775196368
21489,3.914001583248977
18334,3.891642106348278
5544,3.966518294946311
36193,3.891814046851315
31340,3.933527724508173
44535,3.89537165186132
1164,3.924204076078998
24124,3.854501716853206
12936,3.880611233182411
14318,3.9226999012244574
23917,3.972468436571173
27000,3.9275984875692203
20117,3.8809225178196693
27828,4.049991924238586
25190,3.896190419765609
17292,3.8527506485429233
35138,3.9083358364194285
5216,3.9249975316449923
17153,3.9332998246119697
3402,3.8887234748700212
29289,3.860430981048986
231,4.000096391432436
40386,3.878701006246447
24060,3.877344294889177
29044,3.946143230867
28158,3.8450509896687586
18160,3.9277684361305383
3254,3.8757705542068464
17412,4.05457740323768
19307,3.8820497759223462
1532,3.8824867489061643
5159,3.9221625694205304
13228,3.9194718785432583
33873,3.9045035011560785
17643,3.879330762004418
10476,3.8989973059714584
13986,3.9171561988302215
230,3.8948251720853517
25102,3.902827894306531
24450,3.89027096440221
41695,3.9000444424401843
17157,3.946173743900244
5309,3.9058778289782627
3545,3.9116724742222058
30249,3.8829524548397005
2912,3.880054047172445
31611,3.9133507179453155
39506,3.8977194933318535
9462,4.213943262852155
32813,3.890299341089168
21220,3.9097384898162977
9337,3.8965572677499316
33993,3.9023732018195334
44284,3.899969322107257
6527,3.892076072579076
23640,3.911330629109912
29580,3.937070114222106
1467,3.9359604845174307
25494,3.900300079043464
19528,3.996481164140856
5167,3.960594443571065
8908,3.9376434765958614
38664,3.857543041499087
9143,3.856340530744771
24337,4.012012498939482
43282,3.854427190140484
17253,3.9289358047533733
23206,3.8793807870701085
34224,3.9212102945449168
2898,3.8836778820323024
407,3.913847485263244
27516,3.9618530160917826
32503,4.005888139144459
22135,3.924003426873368
23697,3.8915561485042205
41219,3.953783838758577
32433,3.9288491981449623
5211,3.9730382757016813
42808,3.8736838504946243
10563,3.974746611302655
8814,3.860215603206145
7924,3.892723603425215
6971,3.9251458698317685
10347,3.853288495280614
18405,4.470107899564995
5985,3.909000903662581
13664,3.8587460987302586
24711,3.893647440340699
44883,3.9490625525831957
28815,3.9244364651337365
9929,3.888168064029823
7830,3.9196409465410187
23307,3.892911366019376
7061,3.925094845094746
41781,3.8675057908119648
5190,3.9173810057246476
26695,3.9090700084137335
36303,3.9231083414133523
28845,4.065857848520475
7531,3.9048983427253576
28899,3.886556982056448
22288,3.9286055136214326
31881,3.870684169587107
17766,3.853379936274025
22633,3.91971359491882
24205,3.8576028601335324
23232,3.8821494996567933
3418,3.930718804175671
537,3.9189916501526616
2267,3.9168828664963455
7734,3.9377006713254294
4777,3.9116215824027356
16809,3.9181711727856703
44795,3.8847020963227674
18549,3.901661470658055
29395,3.909064238815095
13916,3.9425082698624636
2077,3.9006667758264544
43332,3.8806043435079283
39175,3.8847082143769796
6048,3.8981139006024104
20234,3.915667665528747
17781,3.9252852077066493
43796,3.951625463501147
45259,3.847196331397286
40326,3.994616206238576
41662,3.886068850343564
35,4.098046813686956
6572,3.938223754046322
7665,3.9362949706395045
43504,3.8759978201230822
1073,3.921330882584716
3509,3.9312705791736073
22871,3.9757572275627138
22826,3.924372644329456
14092,3.879116179742415
5354,3.958486757973305
3311,3.921882535480063
22687,3.917896211507238
3384,3.9175392579943016
22417,3.9058474711187237
2887,3.897265819467182
22392,3.8705004430452674
32185,3.8857962390699416
5328,3.8769914458751695
20237,3.9078639777949578
37861,3.874497846358739
431,3.931670753255172
12250,3.87202706673896
37900,3.9320206330950924
16464,3.987043090457425
13368,3.9404961528586733
22550,3.8997046187939435
18849,3.963335147472282
27304,3.8876062626022176
13609,3.9009423952056004
13634,3.8988279568248077
43650,3.88989192418995
13596,3.9074584234177467
1976,3.9367290041296674
13544,3.8848175113834706
5480,3.9149758675477666
25348,3.892161967366419
29965,3.907721874065552
25618,3.8586432716385204
11785,3.8881390157652276
45036,3.8801945410407463
9582,3.9299319709544482
27696,3.916726673930014
10687,3.965864003966684
34985,3.894458496126485
6904,3.904069681608325
1538,3.9462534753974334
25307,3.911862399145994
30206,3.8705116841527465
31486,3.85645249679822
19295,3.920748557294201
9746,4.003165211318318
35882,3.882656266983591
3476,3.929911199755701
7784,3.9856163770779545
20833,3.916310595333622
6003,4.016483451750845
39797,3.925023616640679
24812,4.1284830123427305
41193,3.908417728343125
34080,3.928889407895616
43554,3.860504209295513
7946,3.8958048708828197
44982,3.9326845849723333
18273,3.9025923117345713
11253,3.8917876461930456
19633,3.883740627806669
27385,3.84056755390614
35668,3.9273827959629113
7847,3.9743457055460594
25639,4.018627617042856
32520,3.9634219674536344
43089,3.916236663376704
21685,3.898111430157474
5770,3.9436744217269486
21230,3.8845720308837692
14286,3.9153647884104963
41918,3.895025283565241
22822,3.897188650225328
10525,3.895073291993028
13140,3.9590925722915578
11623,3.999193498494
16148,3.8962172849817045
9501,3.9946505165961956
7420,3.9079255645167947
21759,3.8505896182304378
17031,3.894675179918636
13517,3.8769048976390867
8254,3.868650679519999
27473,3.920084047968938
935,3.924145111463801
37262,3.8574021221391863
11507,3.913376279047983
45623,3.8575546557926503
4935,4.055524349486931
42485,3.8586837471657387
42213,3.870860612051039
16710,3.9146262473831017
18419,3.879758241451908
40450,3.9236735792586943
762,3.8876679640129885
37451,3.8925832664010085
43150,3.8854331199851555
9714,3.886539495428404
37067,3.892432587905932
10987,4.055182528030225
4817,3.898785454923908
21874,3.845842086161251
5907,5.029059902356453
38970,3.8751251510913125
3732,3.95104651540311
31040,3.939260726783242
29421,3.9048027606527533
20022,3.9327461212901316
13588,3.8976754717611457
31693,3.9046824082886658
43702,3.8925824850777975
18792,3.9486882687432647
20646,3.884129056883602
6896,3.9121913429809694
829,3.9491996548146076
32951,3.87375694634209
17473,3.849060560784939
32094,3.8747279969007873
22338,3.8582070802758595
14002,3.922165067874601
16431,3.9288640317020964
35547,3.987661812235717
16898,3.917694311110774
30263,3.9582929015820594
37516,3.9186031630886218
40582,3.8749336786384636
42811,3.855388127335061
40992,3.9196158973334945
31437,3.9245185982893984
22160,3.837830124396194
30474,3.918293678708446
2005,3.999473666093311
2501,3.8880972733594863
11426,3.929521054552511
39980,3.870701826155175
13388,3.9194345757276556
33464,3.8976911920784145
30598,3.952680998184108
12982,3.9061674687401435
201,3.907568602750315
34296,3.861707565081257
30039,3.953803545075274
43739,3.8722918734313
2057,3.9058352475330502
30162,3.9210712712968205
5530,3.91029196801223
9660,3.915879766996462
23816,3.861800406139241
26931,3.9899797513554316
32427,3.995614309796712
42430,3.9669999137215863
6902,3.896513826564417
5937,3.8649472298475027
40128,3.9279162125139218
11519,3.9366263451143215
14345,3.9581339453508773
37552,3.8911445787519305
28808,3.9170845660220546
2127,3.9347809654465595
21787,4.197494902792201
28418,3.866819975303476
29254,3.929456161359712
14785,3.926769782771265
12738,3.9318005594531016
3426,3.8793168876321933
37,3.906119923961415
37546,3.8933150065918287
19172,3.9334704309779793
23186,3.8451986444753046
45615,3.862018895693549
16245,3.917340016336911
3248,3.941944754821922
269,3.9812341122865007
44905,3.9056821943824342
771,3.9535841383817174
1722,3.9648508264222615
8804,3.906236662112472
45625,3.8584554183974027
2136,3.925700410287516
37954,3.9081999939166825
25653,3.8879787093825
6876,3.9037343573684167
30334,3.8871432694403487
22832,3.93063663445306
16987,3.8778250857783214
1402,3.977947981899319
2102,3.883613767118549
11970,3.9165576654562804
30282,3.906585121203089
28209,3.9371693033348683
9506,3.94790276364267
34307,3.8526744584965953
41697,3.932660675840127
44399,3.8761757490859905
4965,3.9199333153953546
40157,3.8634995446254172
7552,3.8759501192263435
32108,3.890676385178514
39690,3.9014742702712764
1804,3.9237434215792457
11768,3.970259935709477
40146,3.889985679931183
931,3.9591078496637553
22332,3.886345428316802
29404,3.8688615781297546
15110,3.939345477355319
7339,3.9030292108878863
38739,3.9198235809004096
7896,3.9190942452621162
11130,3.8594527006081867
43700,3.88680555248643
21832,3.9339231910217194
18878,3.9729177131002884
14176,3.8734152227105514
23989,3.935963922505576
30365,3.892180331939291
21626,3.9054655204258357
22789,3.8977859588303803
1935,3.9685873898811574
26425,3.9001561450629962
10370,3.9127165875312397
3852,3.894098408401341
33833,3.9032335814308805
12086,3.9332460709890764
22202,3.923463992032102
30242,3.9340312004036173
8714,3.9149831795753047
16392,3.9005801961632307
14583,3.9489254390159356
11159,3.9040415473496712
19022,3.873531788709709
29470,4.003198836724622
2144,3.880216827686896
16188,3.984114048789541
32696,3.9184429322622267
13487,3.8977083018643506
23065,3.8981238075133864
11704,3.9580733517477236
19801,3.9227438683605302
38583,3.918783942380071
42311,3.8500688492737822
10984,3.9276164497400314
11627,3.8813897497802796
1563,3.9269355001581987
12095,3.8867001372249654
21089,3.861952577207218
33686,3.9009551862373755
11707,3.906698449466741
18282,3.932941542098467
21031,3.9163535574056993
23293,3.8407219762267437
23753,3.9787216452261616
22807,3.8973400845152835
12853,3.9905006970941486
11938,3.9281423145579275
22553,3.8766252283385434
27434,3.929512114951516
7331,3.8748075572999827
22188,3.8971192550874956
19056,3.9199303931095573
42415,3.854311135150101
3431,4.032825962603243
18834,3.900183220291457
22726,3.962686994639247
39141,3.864817235509818
1022,3.9131654272453256
11854,3.8832022026242763
20562,3.9219451487360164
2205,3.960345318492498
14975,3.9454138342102674
4608,3.859047283501669
32202,3.8967622157334643
40995,3.9222624717911727
21353,3.852046325342287
41005,3.895005890788693
12477,3.916679322769343
18061,3.9068527679204825
36706,4.141522137330559
34084,3.9822850635808846
28658,3.9569109235659297
15501,4.008777378592831
8494,3.8723063520035303
2860,3.9256773319780316
28570,3.9379660138239667
43255,3.9414136682603904
30658,3.8614116193018533
41085,3.9145416740356147
18172,3.8854292024345245
19400,4.105313181896563
31178,3.8959001923487966
9648,3.9103568828696935
3581,4.062541511493981
30475,3.8967775606139314
1529,3.873612239470461
14096,3.9197586724756537
23158,3.914839738721773
29581,3.9456404715805897
822,4.030867722669649
19100,3.9011973098581048
7968,3.9270838076686037
32939,3.9001111681365868
5910,3.9348141340197467
404,3.9129611876091634
14659,3.8682487447735547
12678,3.897237065895855
34155,3.8857050302657914
1571,3.9062841372898274
25663,3.9169836169291865
28212,3.9756403523818746
30348,3.8777501070065874
43432,3.890332840234187
12478,3.9399550359533615
34503,3.8855172203536643
6424,3.966078452908454
8525,3.9065634815583827
24136,3.8831905893548795
12859,3.9077129101285544
14492,3.90895957463018
6919,3.860476227493732
17277,3.850135582403063
23398,3.9176891906253974
24970,3.9756506716980886
32331,3.879343548140282
7778,3.871862620629523
38835,3.9048757516131936
24850,3.9076674564860236
672,3.9365551564995243
13997,3.930313112519959
18603,3.920348795845146
19688,3.9204492230422976
44533,3.8844222970137565
25179,3.9554823051602295
25078,3.8993684787219705
41087,3.87663781778679
37339,3.923501514727739
34612,3.9026500090565897
20181,3.900742935127921
24431,3.957247642406201
29627,3.8842644769707158
21290,3.9151159962366235
37379,3.8443524310365857
19898,3.900701434016179
16121,4.024477010015334
26871,3.915374358564826
26759,3.9016632975104426
3471,3.928299853893592
38736,3.934029721122704
29919,3.891617989668266
30852,3.892622660164578
15779,3.905695231933129
8820,3.9094093933686414
31802,3.894019829386002
6628,3.9294752874156367
32500,4.000601538718223
534,3.9047123340489445
31115,3.9014545435343946
11352,3.8978373651787455
11031,3.9114953418901046
3734,4.143760544223921
8583,3.9927057525219056
2389,3.8561404174500344
7102,4.114730810438759
15599,3.8890125812290153
16542,3.9220877985067637
21188,3.8958639694115966
37744,3.8928378938910626
23793,4.050996875949615
42146,3.8779710513933665
12847,3.90121305756326
41659,3.890651498540868
5376,3.9206754426301855
2612,4.158906499682327
37860,3.8646127650465685
41865,5.6264336297196955
30567,3.9106629304586753
5558,3.9253647822869024
3972,4.028595880253821
22514,3.908276938764574
11021,3.8757485034301706
45085,3.863134727817056
34816,3.881246811788234
29624,3.9095853490844967
35206,3.898446930658122
23548,3.8776753690683434
14030,3.884269226738044
13552,3.8830794631930634
1301,3.936767052155093
43219,3.877618724887352
15012,3.9313730559593285
28670,4.027379063759768
1317,3.9437633381934005
1686,3.9757960490638125
38465,3.9012234857866335
40913,3.8805720973853153
13923,3.953803098888795
10789,3.972437745641895
24288,3.8711211971271813
3698,3.8941994674161036
41864,3.874645812327941
41154,3.8786735563167754
10404,3.9043168094158527
19315,3.868266524575402
13083,3.9269196178937995
30199,3.9033274436090535
6245,3.9271483583664275
3530,3.9044053192772057
14462,3.9287999316146274
15580,3.896094631125642
30515,3.8759807110756603
15168,3.8499275077737334
21075,4.007149469515255
14951,3.9060268119176924
2367,3.9041657891742547
3831,3.9155288346987183
10528,3.9124009598443323
19788,3.8480431995328463
33718,3.8619703268603622
17918,3.890106054210289
2873,3.922809539305795
5486,4.0294569494144525
24432,3.8547121829688384
21753,3.8426670788833297
12497,3.9265262205435967
5981,3.888936575868672
43328,3.9427625509355595
31481,3.861882717332139
16968,3.8718328718811836
38752,3.8660305253881018
6856,3.9002919519073647
1531,3.906581494791142
40276,3.900757107724466
16286,3.9803642189513715
13382,3.8525054646200756
34517,3.9292031370062697
21016,3.889151492879178
24781,3.9191407142397683
10445,3.9029294990357557
10008,3.899298593463651
13727,3.9010773047588656
26071,3.9011116106850348
20249,3.953921642414565
1525,3.893803033465168
17289,3.8489667545917405
16313,3.8405950585755235
33446,3.868946949373737
26581,3.9895547008399106
15245,3.9607939097086557
25879,3.8721147541669363
27825,3.8896892813139243
7881,3.8852557010774817
41097,3.945169865888246
1,4.8954420510171355
38093,3.902854108302398
14088,3.9107325194617166
9767,3.943794564484908
869,3.9033769257624216
22350,3.880132993712184
37847,3.8963741432205046
39392,3.9023094764311836
30243,3.9319947274295646
19998,3.9312093790426856
26401,3.887187772868461
6175,3.9113107704724537
45392,3.8611298115723205
11693,3.8840770485342535
8765,3.8575944663492483
44300,3.8834959109283673
7582,3.935271664952657
29791,3.909578529748196
12048,4.037078431314683
17184,3.915492537634973
5696,3.9047983348130573
12034,3.9282620787543023
19377,4.066312741266641
24520,5.132331826888029
1698,3.912447918704651
19373,3.8989300717960163
362,3.9338180910220406
45000,3.915712583309709
5671,3.9108643076520804
27523,3.990310438684379
21743,3.8426799955425888
7960,3.877612141769951
27827,3.9049843863337808
12999,3.84727109335805
40215,3.8854611101572303
34343,3.911574867060441
23552,3.8582817420420827
18212,3.90716660901716
29434,3.9059406962272223
25565,3.900399342254718
35433,3.8792094135764534
14320,4.001676577765807
12147,3.9437250764696934
34505,3.851353611907739
29156,3.889589980721613
9566,3.9282698090648887
35125,3.891342041987162
7708,3.9502446395976025
27413,3.908438330794878
30387,3.887109449985578
16449,3.924902961641805
44255,3.901198520733097
12444,4.061656354339288
32947,3.9019276824033025
23525,3.9212062676042443
33186,3.88981407760149
45201,3.8853286885694756
24525,3.915902463810565
19847,3.898222523573466
40296,3.9369237755818416
33001,3.899683186334102
8852,4.1647910495718685
5752,3.965912744671708
2209,3.9221265564152943
28257,3.877504606289973
42934,3.944677685140407
11993,3.918063147557657
7246,3.9744148520196076
18840,3.9076009732234205
37105,3.9253898878219697
33922,3.8805069570172908
1931,3.8876169209837386
23966,3.9306663238192456
30392,3.8809407796919833
16734,4.023006260774418
11933,3.9101225313288857
5458,3.872930894185008
44433,3.892177369235604
17609,3.929928655808404
32144,3.9453285644661014
25069,3.8792443679929156
28734,3.9141664213658127
32184,3.8599064802141347
1052,3.905339721161716
30966,3.893870485610434
27167,3.919952198654769
14049,3.8901074417622805
10990,3.93413777855938
21764,3.846685589062793
16451,3.9086509868250587
40312,3.890327807017785
1475,3.933993928001937
3510,3.913302784434262
25688,3.9936314418534473
13440,4.022326202970354
7388,3.918422824508703
16452,3.995737201520514
40868,3.926353821065839
10518,3.924668108198989
39660,3.853065198264819
45568,3.8451689818844867
41486,3.892586195469018
33581,3.8828755269677364
19088,3.910434531548164
27539,3.896936456190423
25737,3.9631471922161117
20971,3.8481588511205964
39358,3.8819143804313323
8811,3.877250367416258
18913,3.8946011606078725
22127,3.899141146164394
39306,3.903635183734222
4933,4.002792012335646
43269,3.874056326788886
20287,3.9012171772148947
9787,3.9118073183516344
13421,3.929286388797102
24096,3.9261945917599226
41573,3.867546294001533
39771,3.8511159185310713
34385,3.949122514627234
2536,3.9399863047611614
36667,3.877874891940941
22576,3.941506952124209
11472,3.9273720454981276
27626,3.855096402010298
11428,3.9282099885338284
31442,3.889082043052748
10464,4.008541996041714
44149,3.8637720370721085
8528,3.909383673194215
25014,3.9150701632019445
45289,3.9731023347833205
1315,3.9259038034705847
45479,3.892930225508286
14566,3.8875145805709552
28308,3.8743420481247477
15647,3.9361719077932453
865,4.294165483379059
7971,3.937867482048622
21673,3.9184288380551466
21544,3.846727417907213
18723,3.9338592230774365
39102,3.9489674766711507
25788,3.879339657889682
39361,3.8756035884336217
16995,3.9006816767573547
30241,3.927096770966387
6155,3.9410405007891045
12204,3.879694349556259
11005,3.955323433964934
12914,3.984217222333498
44231,3.833455466380895
5932,3.8882641690315007
6069,3.9114239585705572
38562,3.9048501785519973
29881,3.9198135536835714
3833,3.9383184012008527
13157,3.961147078717384
39910,3.9111742844683675
26090,3.909378601785363
43932,3.89827588309092
6536,4.026106510938643
13414,3.879543686039975
13425,3.9361464800346893
1318,3.930660601369251
43759,3.936452804363772
14004,3.9199174533030994
1202,4.159694150938197
35539,4.033354406641337
642,3.9467341165878365
22904,3.9545369534294825
15654,3.9656112945462363
13146,3.9520169404261036
42060,3.9128992983924524
44170,3.8932928288690523
19679,3.9169160933215466
10233,3.9430734895260757
14026,3.8974311919291083
24414,3.955021269205634
10536,3.8962658329174498
23802,3.902603839530817
28948,3.8852699700830207
5503,3.8728790636621744
19797,3.946275449356876
41851,3.8833506660879142
29898,3.8872804342346807
13853,3.873940414612524
35417,3.8600053791624327
43623,3.853214919631212
19511,3.8657993909191632
25744,4.002148682465026
5319,3.876493795782263
33013,3.93373198279962
9419,3.9640559106449107
23932,3.9013357312725323
18182,3.8998951123393577
28689,3.9781440822388148
31742,3.8749951192965852
21934,3.844871222518904
15535,3.885605534784921
29155,3.8945409452074187
703,3.934327813796642
8014,3.8658131772525377
30510,3.9068775128338364
14283,3.90580029459136
4408,3.9711198595941677
32668,3.845453825508739
1381,4.330641867035974
16113,3.989028946502472
6781,3.9246486626262103
22431,3.896421288858747
13845,3.893052700373013
41551,3.9532089435398508
30316,3.8800818619056683
43996,3.9134215936726053
15862,3.983724955014141
5419,3.9432275378870876
42876,3.900988687520322
17228,3.926751014519216
41336,3.9130575497857283
36262,3.8746148461987504
17645,3.8807096126199263
2810,3.913299065518617
21848,3.942770671382288
24787,3.985174888791342
18952,3.919232877438188
40504,3.9093742969236605
12195,3.9193710460590654
30948,3.8966516810858294
18591,3.859916098693201
13463,3.906326787044528
22209,3.9088875390706534
14648,3.9072339680978163
29976,3.9134869922028477
11990,3.9267404391465934
4997,3.916885004168532
18119,3.906244586841142
12569,3.961367814206834
3690,3.904470527319856
3346,3.9380198965498554
13579,3.8890763210030483
7361,3.9106597195585246
34627,3.9142730876353404
109,3.9529288932630178
44229,3.8830340047232235
17375,3.876427350759816
5348,3.9914499770051406
9516,3.891470428694667
12427,3.926495762120871
27747,3.873287823393636
30415,3.8967384422372957
7304,3.9012382673301222
1517,3.896203653796859
33762,3.9233064644375055
1879,3.897478442903662
10971,3.918867367170621
14476,3.868050533205648
11225,3.910949964633401
38677,3.8848695802198243
11657,3.9129084395699874
27005,3.913081861106148
8741,3.960531824025485
38522,3.920748753275226
29941,3.880351116235501
25017,3.9325147278089743
12712,3.8615155686554385
35249,3.9282157826159803
2186,3.990486800472539
11556,3.9642992642379875
20687,3.853551850357206
1362,4.017016663262008
41348,3.9266588276655003
12557,3.9544831227239703
19308,3.8819722223020716
9498,3.9007349112858876
42606,3.8384176992753054
19818,3.9061911922335053
1579,3.971262314313546
37804,3.8847334858562497
11907,3.9126121406094607
35287,3.8898897131217103
9904,3.900319944151138
11372,3.9086937659985033
33957,3.9392742476264786
30002,3.895823353723383
38638,3.894520329358822
7352,3.892653280749648
44781,3.8827262059348944
9149,3.8798649566164483
22914,3.9420608550138767
15555,4.091328725588867
12296,4.156048673919486
11184,3.9386374397478874
13677,3.8984255454000354
8244,3.8869668900782215
29129,3.891958036834526
31421,3.9414920626642163
41473,3.942482669236087
5069,3.9039268105008516
43758,3.9708178712946913
27601,3.925814415952014
44505,3.8980324627591743
4963,3.868791177861451
44930,3.9766824623062687
4742,3.917268895884849
42099,3.85776804890777
21508,3.92382466785176
10471,3.9479796341765714
37678,3.8825718353689465
37058,3.841287331886307
3661,3.910222215364818
106,3.9453128644191033
26833,3.881703777183527
24658,3.8875471623448403
41694,3.958059638158422
15735,3.8735376274357103
1728,3.957741703459023
34662,3.885910972372995
23491,3.8896060263362906
32106,3.888776534091687
31483,3.8627190888780536
22155,3.899372739506791
2122,4.055834582442105
31740,3.8669684564747238
14490,3.9463052820420703
16999,3.8784968642260917
26800,3.945345205275627
41702,3.924749468086776
35329,3.8884111016871095
15046,3.879831491336361
6107,3.969730905654137
19435,3.874565296249607
28210,3.9503957772444447
16728,3.902777070441553
19614,3.887900489030314
32627,3.9768212515693797
22460,3.8980583494849532
8822,3.9814970362647384
18496,3.9109574313850324
3574,3.852662693280645
20954,3.917366515806069
31299,3.8757975051619074
676,3.896769581739399
9639,4.11614444785835
3055,3.958407396916824
39105,3.864141904836444
13521,3.926205803816935
39526,3.8803685266587764
42390,3.9028197964805544
399,4.023070351286286
40484,3.885145109616657
16291,3.9118866963585925
38548,3.9181827008806076
16514,3.9043577154222926
37852,3.8800984979785866
43722,3.860082839516889
41654,3.9030614687960186
25811,3.8951151548510037
16649,3.9666842779570466
17241,3.8451516805222616
24040,3.867191788635701
32160,3.875817859041259
25176,3.9005930272982834
30949,3.8959530084896556
5136,3.9245819607965853
35450,3.8493366101892708
32578,3.8573826978352774
12876,3.9124544899187366
22238,3.895973534359502
675,3.9240723287075587
14182,4.0109152745516905
44001,3.9230015339263073
7269,3.971650250041161
42849,3.8832615214735813
15174,3.9037036424209326
30284,3.9511783220820362
18027,3.8832083885181623
31331,3.9179493799856853
26184,3.914401248779624
23060,3.922464267909763
12939,3.8939290394993775
1376,3.9541450230384934
23886,3.8784780931938365
6273,3.9014606136034673
23423,3.9007025072369315
24899,3.8853270752906806
4140,3.9219617266461237
22495,3.9233750312744955
45414,3.879205505466705
11406,3.886938437657907
27410,3.9121785436630994
1713,3.968317272551922
28370,3.8927102272334064
18328,3.8975233912815335
38085,3.887098452757784
29460,3.995578720786309
16640,3.8928905200995936
7763,4.157788057565413
42157,3.8854784255755668
71,3.9259275465325216
5931,3.8946164052079686
9974,3.8810379251515816
3750,3.9087684905228466
16364,3.8910054923077935
966,3.8567138412778585
19444,3.899117711900478
43636,3.909505120306551
1364,3.9834095427363536
6343,3.9432697184744163
30353,3.8886151479082076
11437,3.9706547113146184
38918,3.871113783005702
22554,3.882867595849859
11991,3.899808153712591
34672,3.9230604250411005
44442,3.8871896770110608
12419,3.929872939547001
24180,3.8799642638858556
22287,3.9041718582517984
41179,3.8982517732010553
18639,3.9195285881888142
32741,3.9714019548290107
29256,3.9237652538698335
22883,3.8906265101734125
43586,3.850965013750192
24780,3.901009696757908
15890,3.9847761707539844
3298,3.9104760622968233
12746,3.9224776235534597
27719,3.887690774196882
8252,3.9378129173065424
28868,3.8816318596730586
13549,3.895048635067045
6871,3.876200166256404
6670,3.8781130580265977
10083,3.8900918496799344
2199,4.056057612154776
10080,3.979883378503453
14731,3.9391026219503464
41464,3.90750986691425
14698,3.910151840006456
31204,3.9930785137895035
33874,3.971381805865723
6659,3.8958091718709222
29506,3.9043360304381647
3858,3.91059765018626
45348,3.850309635666966
44538,3.9607611934816838
27971,3.8716824881141836
29633,3.949290498342115
6969,4.149777828677862
7859,3.951631335596336
14905,4.1228126103827485
21671,3.968885634474648
5102,3.9248310300094444
13615,3.9671205612171923
2678,3.9404940971609492
13493,3.8947651683837745
14883,3.980413886542748
28547,3.903128026313396
41541,3.9156980675367024
33442,3.9175117386039076
16172,3.9277838445942663
23017,3.921088494148798
27269,3.889672136220238
43082,3.908892623525106
12441,3.923866382322071
27988,3.894406519033224
25752,3.8706582915083634
11686,3.997780030608199
11621,3.9074035002539187
41069,3.967650698137284
23524,3.9099319174876177
32695,3.9152271549366238
4069,3.9189117006796375
40328,3.91084524797739
38017,3.9081001616374893
28148,3.9353453123758397
13320,3.9045337100740727
13879,3.9290733335410124
30976,3.9139976663169125
24087,3.9282565649721612
40551,3.9226126340555814
8508,3.870842721480124
41994,3.916038763690657
24192,4.037585778470531
12073,3.9454376605943513
25225,3.9033030261156108
2956,4.403928137582487
2151,4.068897499468454
12210,4.057958168763789
13800,3.9216069987727575
43723,3.8642071546694443
20934,3.9026031130548815
12001,3.8787852854202107
6259,3.9647790214254646
29035,3.8958180399126157
32810,3.9168554959464146
32461,3.9070143543598452
20869,3.8770581372563733
29173,3.9173487321748226
6691,3.897801773298399
27695,3.904001947833384
13107,3.905163072493661
5051,3.9703166333489994
32900,3.9062317124407713
10134,3.9008609327670314
17468,3.89191200812134
26190,3.8984056047024502
28977,3.873810443143763
2034,3.9269011972316648
40941,3.9711806120086925
12230,3.879627719345769
6148,3.923818368263591
3529,3.9101986456932756
5797,4.070670340228445
37170,3.8983585536375926
1491,3.95848956216367
19596,3.971389760729189
45018,3.969963265933526
12328,3.8629564563340444
39365,3.889364541382394
38336,3.8431090101133183
36316,3.876024550203511
17233,3.96205049142085
19075,3.9125386442511827
41340,3.9015221168084904
35481,3.9092747005825674
1721,3.976573152228318
12350,3.928266726257894
45113,4.005138905604116
28510,3.909694016634486
20315,3.898056755097613
2390,3.987761888143905
44510,3.899498297959476
30528,3.8743394158198674
1958,3.882692682698543
20174,3.87177874473735
33676,3.943168416585277
13602,3.902651146513715
6541,3.936533304670501
9299,3.9460610958895335
23961,3.9123105051027736
35458,3.9227867617550887
5005,3.9553343062243815
12013,3.946777760845634
15652,3.9291583517556785
31262,3.905206576053943
7512,3.9496592665006975
38717,3.8897197655727775
17313,3.9662882720646992
23007,3.9789048476865627
23336,3.87560088980301
43616,3.8911827743363836
16428,4.013291457274158
2686,3.9565619089243302
17603,3.892513069352712
35878,3.8813018050779893
32811,3.984687810661468
10324,3.894830761626601
12941,3.9364920813047903
3065,3.94370165473337
22892,3.8789480455401004
13762,3.91228991641581
17679,3.901666079216377
14257,3.932279239066541
30143,3.858899032315546
32426,3.916205540925901
1097,3.9909155107332692
41111,3.871266512817224
40030,3.8645401901946657
26950,3.91389489499535
15430,3.929765698608071
24729,3.906201894133212
17245,4.234988106883918
36048,3.8751606693779777
8013,3.8645824621158242
13930,3.9859252498026767
17873,3.8376325891804934
22331,3.8898295219495562
453,3.9078456450920176
42632,3.852367717684291
8910,4.036218968189992
1319,3.8897814818623324
7347,3.9272648165740693
6425,3.9603151352578685
39941,3.886296832195448
30280,3.911897177839406
24955,3.8951143044829646
12994,3.9091056647174285
36606,3.851516462849475
32234,4.040627884750905
35558,3.8864894737551565
34768,3.9302851643019645
25996,3.9112833385021983
25895,3.877529637931828
27313,3.9040440954631705
33514,3.8762077049397337
12812,3.9305482550287714
11698,3.9921182456169415
13037,3.899435696201282
16992,3.910333364489794
41951,3.953863012698422
39541,3.9107753617128407
1226,3.9344786073026197
31318,3.8392641777191403
12722,3.88589549485118
19176,3.8906738090590567
13603,3.905871789042189
35268,3.8917525700179882
28316,3.8884482584924625
15655,3.933488314225739
2265,3.909963322801763
18047,3.8908779339140653
41092,3.880839778725122
27306,3.887174801484783
834,3.948509231416513
31153,3.8960191278421763
34895,3.8798140537881918
38426,3.8602134514954147
2112,3.896577351647575
26578,3.8949046485388465
21173,3.871851336962753
17316,3.944470670000494
22724,3.974417878319214
7271,3.9486129554357827
12916,3.913940940188615
1542,3.950028048764769
1431,3.9252225226479
30260,3.9527191495291203
33704,3.8963445208619443
5372,3.9255577693702444
17986,3.878894225832214
16234,3.888267489536804
16878,3.9493860221420647
16151,3.874758906971401
39988,4.081896521801227
42210,3.8508549508800667
25100,3.8987709089834555
28254,3.9173120728246342
15101,3.9279259178468893
10804,3.9655793668721326
11630,3.927006454170209
30423,3.961111542405695
40491,3.8993042081529765
30071,3.914457009956551
15578,3.9622998880211107
1625,3.9736212281597694
38424,3.887437780260975
24154,3.872984499107164
11149,3.9179855176101643
12317,3.933172476071162
43060,3.917487430012354
13119,3.964543778551678
354,3.944659389843521
13501,3.885898034808219
7633,4.003238705287439
19178,3.863577631881024
24284,4.13220246772893
20024,3.930226946590803
428,3.9007119215299095
27091,3.8911155354652074
11333,3.9215643600711183
21194,3.892483934542408
9558,3.942693862356352
22067,3.8855485456809937
30191,3.942299251153549
5374,3.897073765497069
8710,3.8745917045992453
28225,3.8759649323438707
29253,3.843426597325436
42143,3.8889837833655037
16004,3.922609751408027
40299,3.887097178503822
39213,3.8513412676656924
21348,3.9484856016219956
7848,4.030512762476424
13576,3.8872977970944014
28822,3.931944657516171
39444,3.85532487673583
45616,3.8538681570661657
20812,3.877023774832482
37061,3.917764117412416
57,3.9101791581572236
13667,3.9386614546716414
2893,3.892748058435485
12571,3.8797921088055287
21282,3.917434671076803
38300,3.8740022362828817
5816,3.94436228066055
33614,3.8394148446779273
27432,3.9940337579624843
1883,3.920547157756391
9060,3.962183186271985
8489,3.9027629536518016
35827,3.880706382873593
32884,3.8917509068850586
32823,3.9089660513451836
41070,3.8928104014983873
34901,3.9165512276047787
37674,3.8608665522391163
44542,3.934758170422626
23303,3.8794588400280814
26439,4.020983461066922
4600,3.873961313594152
26407,3.9550169763178142
20316,3.8897653268545804
30677,3.9148142503624626
1423,3.886316584827307
42878,3.8764075693812114
43440,3.88208059687518
28486,3.8672777676115704
24863,3.8886500289012846
40620,3.9074808541351325
3834,3.9363840717323604
32328,3.8816621576062804
18255,3.917395665736041
16897,3.9917878394882047
24985,3.887952536810128
38951,3.882779221219325
122,3.954577484665662
30820,3.9187494251371935
30587,3.885068547776326
10203,3.9010316509267584
43380,3.892780155707662
3053,3.892966969288165
7955,3.9272312198566417
14098,3.8543789008238356
22193,3.902475586716349
18324,3.9267844444245776
37785,3.912367340446465
3895,3.917526019553318
28351,3.862471312043279
38504,3.8980450029321454
2412,3.9454566761517356
23577,3.933437196318813
9539,4.120684468120454
31573,3.881009567454891
11089,3.936036112677717
4008,3.904861994849348
21608,3.8916308995424505
12786,3.927152724462101
17770,3.9324656983695454
16184,3.989569806563629
37301,3.9472587084029636
31555,3.9213184055206813
14504,3.951717175664699
2646,3.9361381517686636
10797,3.9154484169658432
29499,3.8842245026563456
42714,3.862781440969195
33292,3.8817892390263373
18962,3.963620129641245
15374,3.9042159507345104
3348,3.8644482025170848
35347,3.892927128795795
11033,3.931161425897635
12297,3.9026439221598754
18013,3.891013861529162
9349,3.9151259220775345
16102,3.8934026620706352
18874,3.8829782790042513
6855,3.9020276646948084
3446,3.9195892060863446
1702,3.8921799277706075
45118,3.8965870228356456
13914,3.8960156969485014
9811,3.9082233737857135
2255,3.9121776730543942
14934,3.9117553431237355
28466,3.915052608829578
41506,3.905962980958165
8726,3.917707576328719
565,3.9208935798199143
30231,3.8693735803356977
42417,3.8880951123964222
11197,3.896691286075752
2371,3.9195027630413057
14477,3.8638260476309223
39081,3.9150174614261197
14666,3.971427955187983
4723,3.895766563608753
23784,3.930173242208765
1459,3.9542243629827047
32307,3.9128436864478395
18394,3.90464213354292
7663,3.938058116433829
28356,3.8811297974683314
12724,3.9867975689836275
24442,3.925669955936802
18758,3.8749628562212783
17026,3.8971182162909086
44225,3.96960732312611
2802,3.9174310503272918
43028,3.9083336082022764
32154,3.9169255727254804
15251,3.9104738536868973
8520,3.9215103775522566
16921,3.9253221666543006
21930,3.8498997048626116
33002,3.892218793261913
35896,3.8863186812093686
33488,3.8486622316164936
4221,3.8877550276087534
26324,3.917298651802206
19063,4.003393940612959
13543,3.8897009585270066
7182,3.904359412629069
85,3.8769721351422732
17944,3.9162453780647133
38333,3.9117192252286888
38737,3.9074592681026
30233,3.873867433057261
8538,3.913803061842846
45037,3.9177061674788725
37387,3.943701242846288
13451,3.9387888556895176
11702,3.935438174508151
650,3.8948233424098495
13374,3.8937717307505517
18519,3.9335468476884405
28567,3.943869650761671
40425,3.907641299303578
42438,3.880537706756649
34319,3.847181127369238
23438,3.9149541718449465
23832,3.908071091298067
290,3.900756616306362
409,4.069982086108456
31985,3.886980194824334
9923,3.8943882535646415
2542,3.91907815377548
9512,3.9036278853084805
15924,3.8937098883901817
13981,3.9237508443910576
11377,4.111264271558885
7841,3.868666286051634
12079,3.99442602865113
16963,3.852159149707917
23944,3.912564078536097
38123,3.9308060515254466
24666,3.877873131580374
40459,3.9025995678939887
7375,3.949350648821931
32610,3.8995774906075367
10503,3.949515299565095
17176,3.924432085739683
20781,3.8635268959357987
36128,3.8877491450450554
35475,3.921911527618498
42501,3.8806392869918103
25426,3.879117439431624
25435,3.890977706127339
2896,3.917234052783757
32589,3.8723766608360197
16994,3.8751425259052246
15783,3.8642493589539266
30575,3.8605923141705087
24066,3.8803314047718604
17216,3.883915653766867
32078,3.8865125685446076
17872,3.8399453587446795
12582,3.843884855067512
6614,3.9594119352069232
15587,3.8973440446858083
3872,3.9088500259287864
11334,3.9422824679426465
22912,3.954857950244152
28388,3.9122548841860727
3231,3.9026315746262226
30590,3.8927285043405053
16427,3.8987581219029805
28913,3.932772151346696
38296,3.938604712248351
33490,3.923324309474256
8200,3.9193258290153548
7672,4.001575880505345
31999,3.8881907813314784
18853,3.9466391873978544
17635,3.9505427014605825
10090,4.001113111508843
10006,3.9041772809107376
28733,3.933196948169044
16598,3.889357989581794
23421,3.895176739428686
27023,3.886756440394899
27804,3.881949192166407
28385,3.960151169094838
6326,4.015455772522421
10238,3.9371744173865544
2228,3.9907698467712858
28805,3.898597221801063
11741,3.877227318619634
15298,3.951537548120992
41073,3.995507461578467
3047,3.9120249034544496
36314,3.904407974490313
41342,3.885849966108258
19259,3.8620642632041897
39961,3.8979449242629407
2022,3.874555276068173
4223,4.005351494125652
33917,3.9236479850526105
8703,3.8585874789985586
5893,3.991739599804117
10765,3.89780376684706
10909,3.9469407526555402
15466,3.9282258551724865
1848,3.975530556622316
8428,3.8692263024935842
8880,3.8663336602436726
40329,3.9117025931635165
29587,3.8824949068908685
3650,3.8979459859187084
3117,3.8882635980239213
10000,3.9088974257925777
36570,3.9123760028383026
31488,3.8565188627311056
24572,3.9094208822591923
39308,3.941049164415874
2257,3.862674665546008
27038,3.989528890939754
28470,3.9198895956147624
39433,3.9443086585044154
13661,3.918575008981491
33447,3.895198649111068
45564,3.954872970212524
2586,3.9154150275521125
35092,3.957170400664982
29788,3.8876943938131987
1533,3.898066353224282
42180,3.9354203448627185
34241,3.890064280995145
28796,3.879522757939308
23809,3.958362648644941
27347,3.9130162794419956
34596,3.9512682454252377
27932,3.9136859144845664
5477,3.906627208662796
23979,3.8743871971604986
21557,3.8523145834781785
11234,3.9355303368886205
30001,3.9108954236497966
22199,3.9241178539233346
19474,3.9022952317630852
37036,3.9100023160489292
33194,3.893074195438068
27054,3.9024980394475186
42688,3.904649207905638
44628,3.882800500970609
16299,4.076250402280759
33668,3.9488795266625365
24676,3.884096268731338
42172,3.87714501721563
302,3.901798804541475
30551,3.8778130793667827
35519,3.905743848545866
33566,3.8930234950503135
43378,3.853620333869003
8542,3.9082213881088714
13545,3.885257343853849
13042,3.91485428841953
5027,3.851380730995488
16735,4.049943448841576
9418,3.9637988362610375
18765,3.9563965848110145
2289,3.866551444246556
38400,3.917907414693666
38667,3.8612260690435742
33139,3.907161732361161
24727,3.9208119847113623
36953,3.8540446695980197
43375,3.9291098685142494
22421,3.8883867128251834
24914,3.9150597739510546
10210,4.484043969424732
10561,3.8526883700589436
9638,3.907139493341275
35440,3.8681457218480886
28674,3.961827339249293
7600,3.9296791928833454
22076,3.9356183038648505
20517,3.939698616253324
9594,3.9098196460332284
19913,3.9062100358314846
524,3.8636168196872713
12560,3.933746998653798
26187,3.941515298981586
9755,3.9513541601412308
1241,3.962478044808817
29204,3.9789947540930535
24604,3.8980415836923084
18067,3.9078510644310778
28850,3.850968283558352
15276,3.9848098129025384
27438,3.914033461069122
38775,3.854922319139338
33418,3.9108736689403507
10780,3.936681887802504
40378,3.84632951747719
45500,3.9240879849117394
2099,3.9136782815278353
16325,3.9177076151801917
34221,3.8517083773534164
17133,3.899913711013287
40792,3.8380630934525866
24953,3.895514094354894
24737,3.8954869163587618
5571,3.892665880203319
24178,4.465163578729392
22239,3.891488178301814
6534,4.014704742578778
45440,3.8481956495624225
23000,3.914868420193659
23224,3.916973310653779
32130,3.874022901820012
14941,3.902189749115236
37057,3.8945526209491415
15544,3.9341292455403716
880,3.9174668360053113
3577,3.9125257283166373
40859,3.881502845416945
31491,3.956444555884506
30358,3.9009588980834744
44816,3.8861323358819115
13254,3.919209828292572
17701,3.8851650268765026
38860,3.895080442081867
31114,3.913612442329574
37828,3.887937008917089
21823,3.903067013546758
13519,3.882653373752414
39543,3.8875912472200205
4278,3.925397071003163
33333,3.9022011706573894
16569,3.888945123870016
37638,3.9265537359552334
23392,3.8888817161222025
17961,3.959746771275243
41426,3.924782864628572
8533,3.9080892855065126
9844,3.928993722915481
23249,3.8988134282485114
34902,3.888230855767761
23558,3.947950033950275
15047,3.8831188872845863
24297,3.883768653836385
29390,3.895270990870535
10089,3.8974124051348857
13423,3.877852638933101
43486,3.8822386035529406
1561,3.910839600969021
9913,3.9668903864885667
13106,3.8520542905252677
7336,3.911130638466003
20074,3.903935766674018
4717,3.9069673846044344
32262,3.924456617954002
39793,3.9140452498386753
5814,3.906719016851482
29537,3.9000917032773876
20677,4.139718641967606
3469,3.903750339774675
1424,3.913014356095418
21682,3.8943239216354826
26085,3.896995839728176
28067,3.870948194042021
34301,3.9338443817316233
4314,3.868392357364939
45294,3.868781026742063
21062,3.9733942007599663
15058,3.873630868274163
13616,3.90329369513909
20862,3.9127759525594645
26725,3.9316658304811627
45432,3.8892555652263914
21756,3.8505868437545234
30247,3.8985882468491693
23722,3.880306973675605
12851,3.92033267185418
18489,3.9206924012073534
19439,3.883203578424371
14463,3.9100095674204023
410,3.9669789724482167
26236,3.889373853160637
9981,3.8537513934531793
13012,3.906051384629135
37986,3.8774640532853497
18265,3.9965047780152316
29619,3.904549202675598
10460,3.8966051580153236
24889,3.8674107000947036
28810,3.9695729622617777
11824,3.8743405526501364
6367,3.9214785775102836
25278,3.897020850974571
20944,3.9051928841265404
19681,3.915486211844863
30,4.227114687804134
24733,3.8926758749839276
20929,3.9003226415669365
44734,3.8813126744240214
13467,3.8826292164467446
43317,3.848302629505926
28561,3.960112585368203
19822,3.8999566005545545
5759,4.031251372485569
45595,3.92323958567911
27515,3.9641619410955498
10495,4.002719248095064
30343,3.932603427073547
18021,3.9113161229319577
2804,3.9266764332243027
25367,3.926324444618432
26480,3.880305406414633
33557,3.8498720957027976
7529,3.9035194705212994
39763,3.887874043869614
25192,3.9011078622206337
2283,3.9288066143083156
13842,3.86001325796567
44879,3.870365752873869
19412,3.9152517808899376
7803,3.9057432750104186
34510,3.936924303160939
19498,3.9228119638810615
2921,3.894618629841652
8004,3.8696293916533397
6388,3.952956044649503
8964,3.930544921960691
41278,3.87330927017679
7850,3.881662643617848
37750,3.889283797960375
14460,3.9159628628902063
10622,3.9064466419242554
22591,3.934163685882755
13490,3.8964981097691114
38473,3.869015239795634
9525,3.870862135404781
31947,3.931956880693906
20498,3.897331530511411
26596,4.0711078941057925
17905,3.9685951539776574
31968,3.934241521153831
22470,3.9019027180351085
32396,3.9141842229554555
16448,3.922062120802459
18854,3.9219088581075083
17437,4.123954288899241
31637,3.887179989222487
26088,3.8833117402407695
19768,3.8770459333263014
23601,4.096331908893092
10311,3.917049566933413
37027,3.8964490664052445
21437,3.93844784397363
23955,3.9446760357216992
4162,3.916893152852898
9012,3.8735264412420167
7113,3.937153244353696
7231,3.893079451554746
38338,3.86817660612014
37538,3.8975962304686544
37773,3.8471126357786245
2688,3.996233619795958
10916,4.002713453067703
17334,3.993689548578499
6693,3.8965388758077117
6297,3.9115888856485106
3102,3.9190347682728626
10118,3.8590806422389146
15314,3.897501245436571
2100,3.910793889729823
16654,3.899441438299856
31095,3.9554745117729255
18341,3.8951897447094925
33342,3.965000325528709
3491,3.9028133190756065
9327,3.9436133593477347
43988,3.8845694997385833
16331,3.9433520674928553
30066,3.8844721874879156
23870,3.9356909939819498
6291,3.935566999239948
28003,3.8839558635765576
21722,3.9527761200116
32778,3.9344527617266616
19430,3.8696487016185093
38669,3.8986413960683977
39339,3.878466421720492
28055,3.9129582236095937
20417,3.9118698017294005
32572,3.8719891526788555
8568,3.90867518172158
8233,3.863484379404224
3733,4.13554928251926
30523,3.841920801979021
14456,3.949489174827037
39077,3.851355595954386
31389,3.870087515617913
11279,3.976765480403419
11901,4.108488971690543
3493,3.8796219941831005
2868,3.9696443732818585
9355,4.0104026879217365
3788,3.9195913344142914
13469,3.8926802807002714
36946,3.908430921981949
3758,3.891028844986032
14312,3.930286252697978
20240,3.910563224608208
14003,3.8853456857806616
36072,4.089125481408037
24762,3.9134111726307483
13829,3.9893176692737624
29052,3.9486559023706533
24581,3.897823102829626
25101,3.9144537531366783
41495,3.9043485198936647
28660,4.004873870569449
29981,3.885645719579826
7432,3.9233406260463664
40184,3.8922984435850556
19997,3.865920562010044
15312,3.9218220132153094
8196,3.872719147120009
6656,4.036033012270176
9833,3.9081222308787544
35100,4.011856663607018
7048,3.8709050378693783
31763,3.8864532450342213
11777,3.904130543794133
2937,3.9423879906245443
33671,3.8879461065700265
8373,3.8966320784051347
19506,3.9523554975398265
23001,3.914809744470078
14917,3.910789463747704
3914,3.8799600937248604
13500,3.9224283025356845
22196,3.903736417283694
18335,3.886418342691555
41703,3.940027249032558
3580,3.9183966909764956
9717,3.9831763548674415
20157,4.037760648710532
25961,3.9680692775912023
25937,3.8590205573137606
38169,3.8907188520280305
35412,3.913431046834813
20895,3.912931793208762
15464,3.9280753868144624
31916,3.8946557480118202
31923,4.0448334437563735
11653,3.9231708774826495
24908,3.8507315442070946
35234,4.000884463875803
25495,3.8740419005140816
8335,3.8795083703127773
41376,3.889808923894919
19409,3.866890956381604
20661,3.9027598896890296
39473,3.8434856626820855
12686,3.9187435363478884
18146,3.922659413000336
39124,3.889999535079574
37444,3.888366084640879
13147,3.932439967183551
24978,3.865143388401769
44012,3.9283484436565135
19484,3.8832512756412867
41330,3.890835374079784
9831,3.8743851247048475
33484,3.9239906802059243
12618,3.896682361501002
11136,4.002405564457303
35159,3.8984604828112257
7613,4.775154553837614
1377,3.923062232682194
8495,3.863299976769625
14981,3.9053735308122297
16425,3.848183739859906
41513,3.946712596544801
3685,3.989383153209076
9538,3.9180160960650823
42622,3.9342013022981472
41663,3.8996190166390288
25355,3.8955703683201426
7606,3.951693947635043
27582,3.918499201411934
26934,3.9084329901612063
29075,3.9426154737412356
34299,3.9206481635093007
15682,3.877410894016856
11890,3.92254625466945
43344,3.886222284798402
6562,3.9355721391740506
29396,3.9481891129335125
19193,3.8884639438920314
16315,3.899259366401966
9531,3.965572902992314
29571,3.9176152301621086
10420,3.899917869718514
39622,3.9083020451333006
37737,3.878140881311717
5220,3.9593617983563902
10757,3.9134161883250598
2835,3.868928003620154
6690,3.9097458960224216
16177,3.9163231028820173
43841,3.9883840098663548
5209,3.8581912816864086
20019,3.8953241748709733
5370,3.887776731370255
24828,3.918792298420777
44002,3.8908085418203275
40127,3.901861067915794
20422,3.881797549299642
31222,3.912012115988179
1465,3.9228065043253437
12650,3.9182995386745447
24800,3.972340630385891
5776,3.9211220856517555
11597,3.9997255409222534
2968,4.021324827458599
29378,3.9226752225628405
21365,3.848730184800444
18072,3.9752098743910214
9622,3.9146221899973046
41344,3.9016844138424016
11431,3.979609280134313
25373,3.8842818198343427
28819,4.118019666190209
28026,3.9039491602721776
30836,3.8764353588421816
7983,3.93894612146241
9141,3.9264916040103026
25440,3.879176290572781
39994,3.9054486207730577
32929,3.955479798735173
30712,3.958511774532742
6197,3.8859119539900537
17181,3.8589217891617857
17204,3.8859180364264194
40911,3.9190039084825585
44185,3.872879876079919
29593,3.8806420987942087
2560,3.8794561280926914
8,4.402305692048223
42891,3.828271209010716
25395,3.866307157782854
35806,3.893193216057869
37683,3.8700148866695945
10808,3.956330031739708
24196,3.8856299860378014
32484,4.018456691723504
9245,3.8847865445158343
12193,4.005944581917233
27222,3.9819641270809454
22913,3.879156922115275
14214,3.8923143414102075
42706,3.896386947338824
28729,3.909710669672842
39508,3.8882076991080887
45017,3.8667737024343305
26829,3.8821742079875787
21550,3.852647993525787
3604,3.9421469246197614
41518,3.9135874177608443
11468,3.973497992621866
162,3.894434691039294
21294,3.9758900159458244
29906,4.190806768787561
27779,3.9141319414378235
24904,3.848136078247963
4812,3.9445630452458733
24305,3.8759275084135165
24779,3.895581291330508
8581,3.93701210703382
15460,3.9186529235271883
11432,3.9400956353716365
42915,3.8542033427425766
23942,3.8860705761784176
11980,3.8829684116638434
9619,4.037341759608415
35427,3.8677582817763256
37815,3.9725370690179305
4031,3.9443177067070683
13337,3.9052704903947
22898,3.9067504308169734
42447,3.8784611864040803
7055,3.900149609674086
12016,3.95746884307989
6680,3.980037768756527
31833,3.889510909636941
12937,3.885221815652427
32258,3.9271938792784953
26048,3.9258889800528327
38670,3.8687732797375847
23757,3.9455092641365597
5210,3.9308873417380155
50,3.9322021267772174
14790,3.9369424712133023
5787,3.9058069082448474
21536,3.848414380724938
15582,3.919537836790797
24378,3.8927655082974564
16503,3.9241956771947026
2153,4.067911672753419
41834,3.960218437435503
29622,3.8976466956390845
3635,3.8862237084657174
35348,3.876452427129802
2718,3.8682472500383276
29022,3.9236702428038774
25279,3.912978257998534
22198,3.9086554808356673
44759,3.8902861269608433
28963,3.9185477180623143
43545,3.9769071685113353
44617,3.911915648729485
29966,3.9491468527389713
30097,3.9478314145111995
39638,3.884632697529397
385,3.8727407272920633
16991,3.88294196135027
38313,3.883288607215771
31619,3.8691427957771993
13598,3.901137087826679
13063,3.9246103332972773
11635,3.903115633487257
13929,3.924107728401156
32964,3.949553692326441
29205,3.966305894973313
3478,4.012003915260895
37340,3.9203704741253436
3985,3.99248781791469
15044,3.902087459544385
23930,3.890290582238428
42056,3.880672463688877
41962,3.9935107741303444
423,3.912025727088395
40226,3.8611809072191474
15154,3.950801957714693
9875,3.916939283956113
19802,3.9024320539748536
38339,3.865172177845028
9330,3.947289025906867
14473,3.865698771800788
8499,4.02129318987518
32609,3.8484310666867936
25244,3.916142419816593
11766,3.8791040337243605
5659,3.9517629069364584
14888,3.9525188651359007
5417,4.080469270254702
32592,3.8737035488851226
5261,3.928641822685842
2045,4.069892814111029
38513,3.8765846656127616
14075,3.924359575209194
32349,3.871063449598988
26417,3.8791903268113805
14179,3.9219858412438797
43461,3.924100390044957
32289,3.900615795184351
39633,3.8775126915310616
5362,3.8644126890482746
45506,3.8836573511893118
33474,3.879176459586229
34881,3.8637492260124047
1744,3.9128019446081765
36064,3.957798524114387
27266,3.9036707304805627
16388,3.907358784797451
44684,3.9146445571022395
36085,3.889667290894886
426,4.079332516451894
3051,3.8711588197582287
5413,4.010074649844011
31098,3.9328398481092877
15124,3.9151479641443743
39692,3.927414125288089
2494,3.8815587386408397
8601,3.9022208741115896
32424,3.918809446544652
28194,4.047942947066032
7838,3.899099124300387
2923,3.9100366987066164
13018,3.8600123650956712
9350,3.8844877483655047
17707,3.893667783151044
22584,3.8904483275041635
12090,3.8824688177449964
35805,3.8883176716231787
24704,3.89493665877471
17548,3.8500247143568047
12365,3.954294138171486
34534,3.9008601730245887
40277,3.9185380401954975
45092,3.869111588074069
11563,3.9305055978481405
19411,3.98479984953589
14946,3.921690239648371
7341,3.899475761488933
28701,3.934254267650361
9298,3.9680491152245922
21266,3.999721009924476
32516,3.875522532431199
17550,3.9602100342899598
14591,3.8733052116692144
10756,3.990099814350604
8205,3.888098617777385
9253,3.883438293070232
12511,3.9172475283554724
28207,3.9408213053054193
7869,4.141163656201701
18035,3.894765372444401
24660,3.887189501918036
45030,3.946917098043919
16376,3.9028248099606624
26426,3.8891832784690097
35792,3.904554602035794
337,3.899165218549144
30368,3.8927207693752615
16702,3.9499754447153994
17230,3.8682271538154525
7119,3.8816970387428436
24858,3.8961809750447123
33481,3.882758996838289
35888,3.9015120161200025
38911,3.8941338277043482
766,3.8874354945173137
36005,3.8810422327810006
497,3.887380700735418
36076,3.923041452092078
28873,3.8463068269388745
20660,3.897886790825665
30626,3.8590287252295603
43384,3.9272318655976246
20552,3.953152228094004
38264,3.901133745573022
9030,3.944656307501202
13276,3.9222639661166356
9464,3.8752114944881324
15872,3.9691569106875724
42573,3.8890312525569333
10433,3.9469907561763375
34570,3.9011504634572436
1800,3.933843163597457
40016,3.8649246735397367
6619,3.9384559447744767
31351,3.921871836108353
22743,3.961829673602665
29152,3.8976309411710566
9484,4.005028389788942
5015,3.905510570950643
8073,3.9033434250859687
22409,3.90309249104037
41430,3.8866540435469825
28395,4.084942676851308
38913,3.873573997412687
12880,4.08330691269712
3774,3.89634599497922
10750,3.9400895432569105
26049,3.8650756714487735
91,3.886576906303646
45291,3.925011736027293
30399,3.959495057790816
31466,3.9169480057361983
38827,3.9127636877179106
32893,3.8693808174036293
37186,3.840412010028326
8750,3.9072163445513257
5066,3.9574865400263053
26289,3.9195745168192837
37299,3.893912156532854
25923,3.882227437158771
18365,3.924584537083234
40636,3.883613658452261
32779,3.9213716692126868
45486,4.008080464098242
29471,3.9063296341519465
5129,4.4132190764656904
29565,3.899782009550135
44380,3.8769876319891625
35735,3.8429455666979946
6290,3.9138523299162413
12052,4.053374025519836
33559,3.9410029088396192
34052,4.015841225164707
37434,3.879752373090666
11251,3.9503936956809995
17122,3.8738016938649205
16547,3.9081237584826676
15692,3.8943558756792944
1473,3.9033140526969703
8865,3.875440693211337
28468,3.893716951403566
36522,3.9045104491861866
28666,3.974459397376899
24763,3.89686652004886
22868,3.943257932927337
826,3.928767020262952
7661,3.9492298727955877
15826,3.9129723376370733
18843,3.890487665632657
12401,3.912472649413358
10988,4.0443863155406135
15177,3.8934038776584714
23588,3.8979075529619287
8557,3.9250984955429677
44039,3.8593514286026522
31104,3.918889010872664
8162,3.9548482456158536
10691,3.960832532884239
9517,3.9019791316484618
44514,3.875434676224711
9456,3.9019997671191766
9820,3.904710114467743
4055,3.917468723538438
9507,3.9652710415705
2971,3.95784907570577
26603,3.8857882390579928
19298,3.973422041025847
38529,3.912713581534758
37594,3.9051966143496926
25154,3.906299938237565
18822,3.994809513776868
6459,3.895912638978311
32581,3.903900034369414
16527,3.958623195155625
31722,3.880781180801883
17020,3.9118883918263747
37603,3.8617568794874066
26330,3.904524710863872
37023,3.8809671048452916
42410,3.8512742320053412
22192,3.8961391464139465
28688,3.9714592089277967
22242,3.9456185061297484
30215,3.8965350832683465
8766,3.8922873139983865
17056,3.913762845647878
41684,3.9518702804775288
13069,3.88729263959455
30352,3.8890914690497844
40487,3.87115467302448
5008,3.9416495505193807
31304,3.89025320870227
33297,3.889122052238681
23261,3.891974771958937
13494,3.8885101358694962
19608,3.9085271399083283
23848,3.9164840253824535
26147,3.879613455930288
26592,3.870315549017762
31465,3.941832420044835
37350,3.86568674445901
30391,3.892767487286746
41492,3.9272915132066455
39397,3.9019213926839114
1449,3.9756163627037355
22557,3.957949974108994
1123,3.934034362155995
2343,3.988303703658872
4332,3.932035072343421
25922,3.879283520416121
15773,3.927534675546754
20468,3.8408608173756376
2626,4.014138263904233
15550,3.9277070760003925
38990,3.8701177387349084
38905,3.8685573980813626
944,3.870703761008474
7805,3.90878676017945
31880,3.914084939316055
414,3.939191233976391
43905,3.865127222853406
26860,3.8555406489211603
40343,3.8400543511301466
19333,4.063471035516663
6543,3.9047743366995173
31227,3.9435032010990803
29625,3.9291195920162556
29514,3.870130737399354
40156,3.8894844104467445
32760,3.9542065294443653
34284,3.9587946946803996
17722,3.886461234247339
1849,3.974460475990141
10456,3.891980868029684
32782,3.858744455515239
9784,3.9437518987940785
4947,3.857195993182903
23194,3.9065295266594746
13659,3.908638862782434
13591,3.89925948057398
38075,3.8827931628476318
15698,3.886597922695985
38510,3.842383247471854
17290,3.9212096516105137
43620,3.8965034877095603
9669,3.9209234273803926
4986,3.8788728253814226
35988,4.106954291175889
2499,3.9148318505818267
22459,3.880489791998844
24930,3.86976851942926
2281,3.9281777783359915
11557,4.045215266843712
35848,3.8632908425806805
30318,3.8790841345361797
13136,3.947892994552652
43166,3.91592244020813
20932,3.9049371486232594
17366,3.9188806684928497
26449,3.9904287629779747
32298,3.888386085814944
28456,3.889291351578356
14719,3.922050188520655
446,3.92480005080203
